ID,Name,Layer,Layout
10,World1,150,FFFFFFFFFFFFFFFFFFFF
10,World1,150,FFFFFFFFFFFFFFFFFFFF
10,World1,150,FFFFFFFFFFFFFFFFFFFF
10,World1,150,FFFFFFFFFFFFFFFFFFFF
10,World1,150,FFFFFFFFFFFFFFFFFFFF
10,World1,150,FFFFFFFFFFFFFFFFFFFF
10,World1,150,FFFFFFFFFFFFFFFFFFFF
10,World1,150,FFFFFFFFFFFFFFFFFFFF
10,World1,150,FFFFFFFFFFFFFFFFFFFF
10,World1,150,FFFFFFFFFFFFFFFFFFFF
10,World1,150,FFFFFFFFFFFFFFFFFFFF
10,World1,150,FFFFFFFFFFFFFFFFFFFF
10,World1,150,FFFFFFFFFFFFFFFFFFFF
10,World1,150,FFFFFFFFFFFFFFFFFFFF
10,World1,150,FFFFFFFFFFFFFFFFFFFF
10,World1,150,FFFFFFFFFFFFFFFFFFFF
10,World1,150,FFFFFFFFFFFFFFFFFFFF
10,World1,150,FFFFFFFFFFFFFFFFFFFF
10,World1,150,FFFFFFFFFFFFFFFFFFFF
10,World1,150,FFFFFFFFFFFFFFFFFFFF
10,World1,149,####################
10,World1,149,#U   ::          ^^#
10,World1,149,#     D          ^K#
10,World1,149,#     :          ^ #
10,World1,149,#    ::     $  l   #
10,World1,149,#:::::             #
10,World1,149,#;;;;;             #
10,World1,149,#    ;   #         #
10,World1,149,#    ;;;;#         #
10,World1,149,#  ^     #  $     c#
10,World1,149,# ^K^             ##
10,World1,149,#            #######
10,World1,149,#       LLL  #    ##
10,World1,149,#       LLL  #    X#
10,World1,149,#      $LLL  # ^   #
10,World1,149,#            D k^  #
10,World1,149,#            # ^   #
10,World1,149,#            #     #
10,World1,149,#X          ###   ^#
10,World1,149,####################
10,World1,110,                    
10,World1,110,                    
10,World1,110,          ffff      
10,World1,110,        ffffffff    
10,World1,110,        ffffffff    
10,World1,110,        ffffffff    
10,World1,110,        fff__fff    
10,World1,110,       fff __ fff   
10,World1,110,       fff ~~ fff   
10,World1,110,       fff ff fff   
10,World1,110,           ff       
10,World1,110,                    
10,World1,110,                    
10,World1,110,                    
10,World1,110,                    
10,World1,110,                    
10,World1,110,                    
10,World1,110,                    
10,World1,110,                    
10,World1,110,                    
10,World1,109,                    
10,World1,109,         ######     
10,World1,109,       ###S   ###   
10,World1,109,       #       s#   
10,World1,109,       #        #   
10,World1,109,       #        #   
10,World1,109,      ##        ##  
10,World1,109,      #         S#  
10,World1,109,      #          #  
10,World1,109,      #         s#  
10,World1,109,      #### $$ ####  
10,World1,109,                    
10,World1,109,                    
10,World1,109,                    
10,World1,109,                    
10,World1,109,                    
10,World1,109,                    
10,World1,109,                    
10,World1,109,                    
10,World1,109,                    
10,World1,80,                    
10,World1,80,                    
10,World1,80,                    
10,World1,80,                    
10,World1,80,                    
10,World1,80,                    
10,World1,80,                    
10,World1,80,       fff          
10,World1,80,       fff          
10,World1,80,       fff          
10,World1,80,      ffff          
10,World1,80,      fffff         
10,World1,80,      fffff         
10,World1,80,      ffffff        
10,World1,80,       ffffff       
10,World1,80,       ffffff       
10,World1,80,         fff        
10,World1,80,                    
10,World1,80,                    
10,World1,80,                    
10,World1,79,                    
10,World1,79,                    
10,World1,79,                    
10,World1,79,                    
10,World1,79,                    
10,World1,79,                    
10,World1,79,      #####         
10,World1,79,      # % #         
10,World1,79,      #   #         
10,World1,79,     ####@#         
10,World1,79,     #b^  #B        
10,World1,79,     #    ^B        
10,World1,79,     #     B        
10,World1,79,     #^    B##      
10,World1,79,     ## ^   b#      
10,World1,79,      #     b#      
10,World1,79,      ###b K##      
10,World1,79,        #####       
10,World1,79,                    
10,World1,79,                    
10,World1,50,                    
10,World1,50,                    
10,World1,50,                    
10,World1,50,                    
10,World1,50,                    
10,World1,50,    **              
10,World1,50, ****  ***          
10,World1,50, **** *****         
10,World1,50, **********         
10,World1,50, **** *****         
10,World1,50,    *  ***          
10,World1,50,       ***          
10,World1,50,                    
10,World1,50,                    
10,World1,50,                    
10,World1,50,                    
10,World1,50,                    
10,World1,50,                    
10,World1,50,                    
10,World1,50,                    
10,World1,49,                    
10,World1,49,                    
10,World1,49,                    
10,World1,49,                    
10,World1,49,                    
10,World1,49,     K#####         
10,World1,49,###  ##b b##        
10,World1,49,#n   #     #        
10,World1,49,#    D     #        
10,World1,49,###  #     #        
10,World1,49,     ##^ ^##        
10,World1,49,      #   #         
10,World1,49,                    
10,World1,49,                    
10,World1,49,                    
10,World1,49,                    
10,World1,49,                    
10,World1,49,                    
10,World1,49,                    
10,World1,49,                    
10,World1,10,                    
10,World1,10,                    
10,World1,10,                    
10,World1,10,                    
10,World1,10,                    
10,World1,10,                    
10,World1,10,                    
10,World1,10,                    
10,World1,10,     ....           
10,World1,10,                   
10,World1,10,                    
10,World1,10,                    
10,World1,10,                    
10,World1,10,                    
10,World1,10,                    
10,World1,10,                    
10,World1,10,                    
10,World1,10,                    
10,World1,10,                    
10,World1,10,                    
20,World2,11,                    
20,World2,11,            FFF  FF 
20,World2,11,            FFFF.FF 
20,World2,11,            FFF  FF 
20,World2,11,                 FF 
20,World2,11,                 FF 
20,World2,11,                 FF 
20,World2,11,                 FF 
20,World2,11,                 FF 
20,World2,11,                 FF 
20,World2,11,                 FF 
20,World2,11,                 FF 
20,World2,11,                 FF 
20,World2,11,                 FF 
20,World2,11,                 FF 
20,World2,11,                 FF 
20,World2,11,                FFF 
20,World2,11,               FFFF 
20,World2,11,                FFF 
20,World2,11,                    
20,World2,10,           #########
20,World2,10,           #n  ##  #
20,World2,10,           #    @  #
20,World2,10,           #   ##  #
20,World2,10,           ######  #
20,World2,10,                #  #
20,World2,10,                #q #
20,World2,10,                #  #
20,World2,10,                #  #
20,World2,10,                # Q#
20,World2,10,                #  #
20,World2,10,                #  #
20,World2,10,                #q #
20,World2,10,                #  #
20,World2,10,                #  #
20,World2,10,               ## Q#
20,World2,10,              ##   #
20,World2,10,                   #
20,World2,10,              ##   #
20,World2,10,               #####
20,World2,36,                    
20,World2,36,                    
20,World2,36,     *****          
20,World2,36,                    
20,World2,36,                    
20,World2,36,                    
20,World2,36,                    
20,World2,36,                    
20,World2,36,                    
20,World2,36,                   
20,World2,36,                    
20,World2,36,                    
20,World2,36,                    
20,World2,36,                    
20,World2,36,                    
20,World2,36,                    
20,World2,36,                    
20,World2,36,           *****    
20,World2,36,                    
20,World2,35,                    
20,World2,35,     :::::          
20,World2,35,                    
20,World2,35,     :::::          
20,World2,35,                    
20,World2,35,                    
20,World2,35,                    
20,World2,35,                    
20,World2,35,                    
20,World2,35,                   
20,World2,35,                    
20,World2,35,                    
20,World2,35,                    
20,World2,35,                    
20,World2,35,                    
20,World2,35,                    
20,World2,35,           :::::    
20,World2,35,                    
20,World2,35,           :::::    
20,World2,35,                    
20,World2,66,                    
20,World2,66,         fff        
20,World2,66,         fff        
20,World2,66,         fff        
20,World2,66,         fff        
20,World2,66,                    
20,World2,66,                    
20,World2,66,                    
20,World2,66,  f                 
20,World2,66,  f                
20,World2,66, ff                 
20,World2,66,  f f               
20,World2,66,  f                 
20,World2,66,  f       ~         
20,World2,66,  f                 
20,World2,66, fff     fff        
20,World2,66, fff     fff        
20,World2,66, fff     fff        
20,World2,66,         fff        
20,World2,66,                    
20,World2,65,        ;;;;;       
20,World2,65,        ;w  ;       
20,World2,65,            ;       
20,World2,65,            ;       
20,World2,65,            ;       
20,World2,65,           ;;       
20,World2,65,                    
20,World2,65,                    
20,World2,65,## #                
20,World2,65,## #               
20,World2,65,#S #                
20,World2,65,## #s               
20,World2,65,##L#                
20,World2,65,##L#                
20,World2,65,## #       ;;       
20,World2,65,#           ;       
20,World2,65,#           ;       
20,World2,65,#           ;       
20,World2,65,####    ;   ;       
20,World2,65,        ;;;;;       
20,World2,120,::::::::::::        
20,World2,120,:X        x:        
20,World2,120,:          :        
20,World2,120,:   ::::   :        
20,World2,120,                    
20,World2,120,                    
20,World2,120,                    
20,World2,120,         ?          
20,World2,120,                    
20,World2,120,                    
20,World2,120,                    
20,World2,120,                    
20,World2,120,                    
20,World2,120,                    
20,World2,120,                    
20,World2,120,                    
20,World2,120,                    
20,World2,120,                    
20,World2,120,                    
20,World2,120,                    
20,World2,121,                    
20,World2,121, ffffffffff         
20,World2,121, ffffffffff         
20,World2,121, fff    fff         
20,World2,121,  f      f          
20,World2,121,  f      .          
20,World2,121,  _      .          
20,World2,121,         .          
20,World2,121,                    
20,World2,121,                    
20,World2,121,                    
20,World2,121,                    
20,World2,121,                    
20,World2,121,                    
20,World2,121,                    
20,World2,121,                    
20,World2,121,                    
20,World2,121,                    
20,World2,121,                    
20,World2,121,                    
20,World2,199,######              
20,World2,199,#    #              
20,World2,199,#    #              
20,World2,199,#    #              
20,World2,199,#    #              
20,World2,199,#    #              
20,World2,199,#    #              
20,World2,199,#    #              
20,World2,199,#    #              
20,World2,199,#    #              
20,World2,199,#    #              
20,World2,199,#    #              
20,World2,199,#    #              
20,World2,199,#    #              
20,World2,199,#    #              
20,World2,199,#    #              
20,World2,199,#    #              
20,World2,199,#U   #              
20,World2,199,#    #              
20,World2,199,######              
20,World2,200,                    
20,World2,200, FFFF               
20,World2,200, FFFF               
20,World2,200, FFFF               
20,World2,200, FFFF               
20,World2,200, FFFF               
20,World2,200, FFFF               
20,World2,200, FFFF               
20,World2,200, FFFF               
20,World2,200, FFFF               
20,World2,200, FFFF               
20,World2,200, FFFF               
20,World2,200, FFFF               
20,World2,200, FFFF               
20,World2,200, FFFF               
20,World2,200, FFFF               
20,World2,200, FFFF               
20,World2,200, FFFF               
20,World2,200, FFFF               
20,World2,200,                    
30,World3,200,FFFFFFFFFFFFFFFFFFFF
30,World3,200,FFFFFFFFFFFFFFFFFFFF
30,World3,200,FFFFFFFFFFFFFFFFFFFF
30,World3,200,FFFFFFFFFFFFFFFFFFFF
30,World3,200,FFFFFFFFFFFFFFFFFFFF
30,World3,200,FFFFFFFFFFFFFFFFFFFF
30,World3,200,FFFFFFFFFFFFFFFFFFFF
30,World3,200,FFFFFFFFFFFFFFFFFFFF
30,World3,200,FFFFFFFFFFFFFFFFFFFF
30,World3,200,FFFFFFFFFFFFFFFFFFFF
30,World3,200,FFFFFFFFFFFFFFFFFFFF
30,World3,200,FFFFFFFFFFFFFFFFFFFF
30,World3,200,FFFFFFFFFFFFFFFFFFFF
30,World3,200,FFFFFFFFFFFFFFFFFFFF
30,World3,200,FFFFFFFFFFFFFFFFFFFF
30,World3,200,FFFFFFFFFFFFFFFFFFFF
30,World3,200,FFFFFFFFFFFFFFFFFFFF
30,World3,200,FFFFFFFFFFFFFFFFFFFF
30,World3,200,FFFFFFFFFFFFFFFFFFFF
30,World3,200,FFFFFFFFFFFFFFFFFFFF
30,World3,199,####################
30,World3,199,#n ##     ###    #k#
30,World3,199,#  #       q       #
30,World3,199,#  #   #      ^    #
30,World3,199,#  #  ###    ##    #
30,World3,199,#  #   #q   Q#     #
30,World3,199,#Q #   #######   # #
30,World3,199,#  #     #LLL##### #
30,World3,199,#  # ^   #LLL#     #
30,World3,199,#  #    b#LLL#     #
30,World3,199,#  #    B#####     #
30,World3,199,#D### #####     ^  #
30,World3,199,#  #     ##        #
30,World3,199,#  #     b         #
30,World3,199,#        b   #     #
30,World3,199,#^       b  ########
30,World3,199,#        b   #     #
30,World3,199,#    #   b         #
30,World3,199,#K  q#   b         #
30,World3,199,####################
1,World1,20,                    
1,World1,20,                    
1,World1,20,                    
1,World1,20,                    
1,World1,20,                    
1,World1,20,####################
1,World1,20,#b R qB#B   ###q  b#
1,World1,20,#a     S    ###    #
1,World1,20,#           bbb    #
1,World1,20,#               n  #
1,World1,20,#G                 #
1,World1,20,#           bbb    #
1,World1,20,#h     S    ###    #
1,World1,20,#bQ  gB#B  q###   b#
1,World1,20,####################
1,World1,20,                    
1,World1,20,                    
1,World1,20,                    
1,World1,20,                    
1,World1,20,                    
1,World1,21,                    
1,World1,21,                    
1,World1,21,                    
1,World1,21,                    
1,World1,21,                    
1,World1,21,                    
1,World1,21, FFFFFFFFFFF   FFFF 
1,World1,21, FFFFFFFFFFF   FFFF 
1,World1,21, FFFFFFFFFFF   FFFF 
1,World1,21, FFFFFFFFFFF___FFFF 
1,World1,21, FFFFFFFFFFF___FFFF 
1,World1,21, FFFFFFFFFFF   FFFF 
1,World1,21, FFFFFFFFFFF   FFFF 
1,World1,21, FFFFFFFFFFF   FFFF 
1,World1,21,                    
1,World1,21,                    
1,World1,21,                    
1,World1,21,                    
1,World1,21,                    
1,World1,21,                    
2,World2,20,                    
2,World2,20,                    
2,World2,20,                    
2,World2,20,                    
2,World2,20,                    
2,World2,20, ::::::: :::::::::: 
2,World2,20,::     :::  $BB k ::
2,World2,20,:B     S:S   BB    :
2,World2,20,:       B          :
2,World2,20,:    Z          n  :
2,World2,20,:          z       :
2,World2,20,:       B          :
2,World2,20,:B     S:S   BB    :
2,World2,20,::     :::  cBB K ::
2,World2,20, ::::::: :::::::::: 
2,World2,20,                    
2,World2,20,                    
2,World2,20,                    
2,World2,20,                    
2,World2,20,                    
2,World2,21,                    
2,World2,21,                    
2,World2,21,                    
2,World2,21,                    
2,World2,21,                    
2,World2,21,                    
2,World2,21, FFFFFFFFFFF___FFFF 
2,World2,21, FFFFFFFFFFF___FFFF 
2,World2,21, FFFFFFFFFFF___FFFF 
2,World2,21, FFFFFFFFFFF___FFFF 
2,World2,21, FFFFFFFFFFF___FFFF 
2,World2,21, FFFFFFFFFFF___FFFF 
2,World2,21, FFFFFFFFFFF___FFFF 
2,World2,21, FFFFFFFFFFF___FFFF 
2,World2,21,                    
2,World2,21,                    
2,World2,21,                    
2,World2,21,                    
2,World2,21,                    
2,World2,21,                    
3,World3,20,                    
3,World3,20,                    
3,World3,20,                    
3,World3,20,                    
3,World3,20,####                
3,World3,20,#LL#################
3,World3,20,#LL#  Q###      #LL#
3,World3,20,#LL#   S#S      #LL#
3,World3,20,####            ####
3,World3,20,#         k     n ##
3,World3,20,#                 ##
3,World3,20,####            ####
3,World3,20,#LL#   S#S      #LL#
3,World3,20,#LL#q  ###      #LL#
3,World3,20,#LL#################
3,World3,20,####                
3,World3,20,                    
3,World3,20,                    
3,World3,20,                    
3,World3,20,                    
3,World3,21,                    
3,World3,21,                    
3,World3,21,                    
3,World3,21,                    
3,World3,21,                    
3,World3,21,                    
3,World3,21, FFFFFFFFFFF___FFFF 
3,World3,21, FFFFFFFFFFF___FFFF 
3,World3,21, FFFFFFFFFFF___FFFF 
3,World3,21, FFFFFFFFFFF___FFFF 
3,World3,21, FFFFFFFFFFF___FFFF 
3,World3,21, FFFFFFFFFFF___FFFF 
3,World3,21, FFFFFFFFFFF___FFFF 
3,World3,21, FFFFFFFFFFF___FFFF 
3,World3,21,                    
3,World3,21,                    
3,World3,21,                    
3,World3,21,                    
3,World3,21,                    
3,World3,21,                    
4,World4,20,                   
4,World4,20,                   
4,World4,20,                   
4,World4,20,                   
4,World4,20,                   
4,World4,20, ##################
4,World4,20,##    ###   #k#  ##
4,World4,20,#q    S#S   # #   #
4,World4,20,#      B          #
4,World4,20,#        LL     n #
4,World4,20,#        LL       #
4,World4,20,#      B          #
4,World4,20,#     S#S   # #   #
4,World4,20,##   Q###   # #  ##
4,World4,20, ##################
4,World4,20,                   
4,World4,20,                   
4,World4,20,                   
4,World4,20,                   
4,World4,20,                   
4,World4,21,                    
4,World4,21,                    
4,World4,21,                    
4,World4,21,                    
4,World4,21,                    
4,World4,21,                    
4,World4,21, FFFFFFFFFFF___FFFF 
4,World4,21, FFFFFFFFFFF___FFFF 
4,World4,21, FFFFFFFFFFF___FFFF 
4,World4,21, FFFFFFFFFFF___FFFF 
4,World4,21, FFFFFFFFFFF___FFFF 
4,World4,21, FFFFFFFFFFF___FFFF 
4,World4,21, FFFFFFFFFFF___FFFF 
4,World4,21, FFFFFFFFFFF___FFFF 
4,World4,21,                    
4,World4,21,                    
4,World4,21,                    
4,World4,21,                    
4,World4,21,                    
4,World4,21,                    
5,World5,10,                    
5,World5,10,                    
5,World5,10,                    
5,World5,10,                    
5,World5,10,                    
5,World5,10,########            
5,World5,10,#q  b               
5,World5,10,# u                 
5,World5,10,#                   
5,World5,10,#                   
5,World5,10,#                   
5,World5,10,#                   
5,World5,10,#                   
5,World5,10,#q  b               
5,World5,10,########            
5,World5,10,                    
5,World5,10,                    
5,World5,10,                    
5,World5,10,                    
5,World5,10,                    
5,World5,11,                    
5,World5,11,                    
5,World5,11,                    
5,World5,11,                    
5,World5,11,                    
5,World5,11,                    
5,World5,11, FFFFFFF            
5,World5,11, FFFFFFF            
5,World5,11, FFFFFFF            
5,World5,11, FFFFFF             
5,World5,11, FFFFFF             
5,World5,11, FFFFFFF            
5,World5,11, FFFFFFF            
5,World5,11, FFFFFFF            
5,World5,11,                    
5,World5,11,                    
5,World5,11,                    
5,World5,11,                    
5,World5,11,                    
5,World5,11,                    
5,World5,50,                    
5,World5,50,                    
5,World5,50,                    
5,World5,50,                    
5,World5,50, ##       ##   ##   
5,World5,50, ############ ######
5,World5,50, #       q##   ## k#
5,World5,50, #U                #
5,World5,50, #                 #
5,World5,50, #      BB      n  #
5,World5,50, #      BB         #
5,World5,50, #                 #
5,World5,50, #                 #
5,World5,50, #       q##   ##q #
5,World5,50, ############ ######
5,World5,50, ##       ##   ##   
5,World5,50,                    
5,World5,50,                    
5,World5,50,                    
5,World5,50,                    
5,World5,51,                    
5,World5,51,                    
5,World5,51,                    
5,World5,51,                    
5,World5,51,                    
5,World5,51,                    
5,World5,51,  FFFFFFFFFF   FFFF 
5,World5,51,  FFFFFFFFFF   FFFF 
5,World5,51,  FFFFFFFFFF   FFFF 
5,World5,51,  FFFFFFFFF    FFFF 
5,World5,51,  FFFFFFFFF    FFFF 
5,World5,51,  FFFFFFFFFF   FFFF 
5,World5,51,  FFFFFFFFFF   FFFF 
5,World5,51,  FFFFFFFFFF   FFFF 
5,World5,51,                    
5,World5,51,                    
5,World5,51,                    
5,World5,51,                    
5,World5,51,                    
5,World5,51,                    
6,World6,20,                    
6,World6,20,                    
6,World6,20,                    
6,World6,20,                    
6,World6,20,                    
6,World6,20,####################
6,World6,20,#q     #   q#q    b#
6,World6,20,#      @    #      #
6,World6,20,#      #    #      #
6,World6,20,#   A  #    #   n  #
6,World6,20,#      # k  #      #
6,World6,20,#      #    #      #
6,World6,20,#      #    @      #
6,World6,20,#q    b#b  q#q    b#
6,World6,20,####################
6,World6,20,                    
6,World6,20,                    
6,World6,20,                    
6,World6,20,                    
6,World6,20,                    
6,World6,21,                    
6,World6,21,                    
6,World6,21,                    
6,World6,21,                    
6,World6,21,                    
6,World6,21,                    
6,World6,21, FFFFFFFFFFFFFFFFFF 
6,World6,21, FFFFFFFFFFFFFFFFFF 
6,World6,21, FFFFFFFFFFFFFFFFFF 
6,World6,21, FFFFFFFFFFFFFFFFFF 
6,World6,21, FFFFFFFFFFFFFFFFFF 
6,World6,21, FFFFFFFFFFFFFFFFFF 
6,World6,21, FFFFFFFFFFFFFFFFFF 
6,World6,21, FFFFFFFFFFFFFFFFFF 
6,World6,21,                    
6,World6,21,                    
6,World6,21,                    
6,World6,21,                    
6,World6,21,                    
6,World6,21,                    
7,World7,20,                    
7,World7,20,                    
7,World7,20,                    
7,World7,20,                    
7,World7,20,                    
7,World7,20,####################
7,World7,20,#Q     #$     S#_  #
7,World7,20,#      @       #   #
7,World7,20,#     B#  b b  #   #
7,World7,20,#     B#   z   D   #
7,World7,20,#     B#       ##E##
7,World7,20,#     B#  b b  #   #
7,World7,20,#      @       # n #
7,World7,20,#_ q   #c  q  S#   #
7,World7,20,####################
7,World7,20,                    
7,World7,20,                    
7,World7,20,                    
7,World7,20,                    
7,World7,20,                    
7,World7,21,                    
7,World7,21,                    
7,World7,21,                    
7,World7,21,                    
7,World7,21,                    
7,World7,21,                    
7,World7,21, FFFFFFFFFFFFFFFFFF 
7,World7,21, FFFFFFFFFFFFFFFFFF 
7,World7,21, FFFFFFFFFFFFFFFFFF 
7,World7,21, FFFFFFFFFFFFFFFFFF 
7,World7,21, FFFFFFFFFFFFFFFFFF 
7,World7,21, FFFFFFFFFFFFFFFFFF 
7,World7,21, **FFFFFFFFFFFFFFFF 
7,World7,21, **FFFFFFFFFFFFFFFF 
7,World7,21,                    
7,World7,21,                    
7,World7,21,                    
7,World7,21,                    
7,World7,21,                    
7,World7,21,                    
8,World8,20,####          ######
8,World8,20,#qq#          #   s#
8,World8,20,#  #          ~    #
8,World8,20,#  #          #    #
8,World8,20,#  #          #    #
8,World8,20,#  #                
8,World8,20,#  #                
8,World8,20,# G#                
8,World8,20,# q##             ::
8,World8,20,#                 ::
8,World8,20,#                 ::
8,World8,20,# q##             ::
8,World8,20,#  #                
8,World8,20,#  #                
8,World8,20,# S#                
8,World8,20,#..#          #    #
8,World8,20,#  #          #    #
8,World8,20,#n #          ~    #
8,World8,20,#  #          #   s#
8,World8,20,####          ######
8,World8,21,                    
8,World8,21, ff            ffff 
8,World8,21, ff           fffff 
8,World8,21, ff            ffff 
8,World8,21, ff            ffff 
8,World8,21, ff                 
8,World8,21, ff                 
8,World8,21, ff                 
8,World8,21, ff                 
8,World8,21, ff _            f  
8,World8,21, ff _            f  
8,World8,21, ff                 
8,World8,21, ff                 
8,World8,21, ff                 
8,World8,21, ff                 
8,World8,21, ff            ffff 
8,World8,21, ff            ffff 
8,World8,21, ff           fffff 
8,World8,21, ff            ffff 
8,World8,21,                    
8,World8,50,####################
8,World8,50,#U    q  bb       X#
8,World8,50,#             Q    #
8,World8,50,#                  #
8,World8,50,#q                q#
8,World8,50,                    
8,World8,50,                    
8,World8,50,                    
8,World8,50,                    
8,World8,50,                    
8,World8,50,                    
8,World8,50,                    
8,World8,50,                    
8,World8,50,                    
8,World8,50,                    
8,World8,50,##                q#
8,World8,50,##                 #
8,World8,50,#x                 #
8,World8,50,##   Q   bb       B#
8,World8,50,####################
8,World8,51,                    
8,World8,51, ffffffffffffffffff 
8,World8,51, ffffffffffffffffff 
8,World8,51, ffffffff!!ffffffff 
8,World8,51, ffffffff!!ffffffff 
8,World8,51,                    
8,World8,51,                    
8,World8,51,                    
8,World8,51,                    
8,World8,51,                    
8,World8,51,                    
8,World8,51,                    
8,World8,51,                    
8,World8,51,                    
8,World8,51,                    
8,World8,51, ffffffff!!ffffffff 
8,World8,51, ffffffff!!ffffffff 
8,World8,51, ffffffffffffffffff 
8,World8,51, ffffffffffffffffff 
8,World8,51,                    
8,World8,90,                    
8,World8,90,                    
8,World8,90,                 k  
8,World8,90,                    
8,World8,90,                    
8,World8,90,                    
8,World8,90,                    
8,World8,90,                    
8,World8,90,                    
8,World8,90,                    
8,World8,90,                    
8,World8,90,                    
8,World8,90,                    
8,World8,90,                    
8,World8,90,                    
8,World8,90,                    
8,World8,90,  U                 
8,World8,90,                    
8,World8,90,                    
8,World8,90,                    
8,World8,91,                    
8,World8,91,         ffffff!!!! 
8,World8,91,         ffffff!!!! 
8,World8,91,         ffffff!!!! 
8,World8,91,         ff    !!!! 
8,World8,91,         ff         
8,World8,91,         ff         
8,World8,91,                    
8,World8,91,                    
8,World8,91,                    
8,World8,91,                    
8,World8,91,                    
8,World8,91,                    
8,World8,91,         ff         
8,World8,91,         ff         
8,World8,91, !!!!    ff         
8,World8,91, !!!!ffffff         
8,World8,91, !!!!ffffff         
8,World8,91, !!!!ffffff         
8,World8,91,                    
8,World8,119,                    
8,World8,119,                    
8,World8,119,                    
8,World8,119,                    
8,World8,119,                    
8,World8,119,                    
8,World8,119,                    
8,World8,119,                    
8,World8,119,                    
8,World8,119,                  U 
8,World8,119,                    
8,World8,119,                    
8,World8,119,                    
8,World8,119,                    
8,World8,119,                    
8,World8,119,                    
8,World8,119,                    
8,World8,119,                    
8,World8,119,                    
8,World8,119,                    
8,World8,120,                    
8,World8,120,                    
8,World8,120,                    
8,World8,120,                    
8,World8,120,                    
8,World8,120,                    
8,World8,120,                    
8,World8,120,         ??       !!
8,World8,120,         !!       !!
8,World8,120,        !!!!    . !!
8,World8,120,        !!!!    . !!
8,World8,120,         !!       !!
8,World8,120,         ??       !!
8,World8,120,                    
8,World8,120,                    
8,World8,120,                    
8,World8,120,                    
8,World8,120,                    
8,World8,120,                    
8,World8,120,                    
9,World9,50,####################
9,World9,50,#        K         #
9,World9,50,#                  #
9,World9,50,# c  a A  g  q Q   #
9,World9,50,#                  #
9,World9,50,# C  h H           #
9,World9,50,#         G        #
9,World9,50,#    i I     o     #
9,World9,50,#                  #
9,World9,50,#                  #
9,World9,50,#        b         #
9,World9,50,#        b         #
9,World9,50,#                  #
9,World9,50,#                  #
9,World9,50,#        K  r  R   #
9,World9,50,#        B         #
9,World9,50,#        B         #
9,World9,50,#U               n #
9,World9,50,#                  #
9,World9,50,####################
9,World9,51,!!!!!!!!!!!!!!!!!!!!
9,World9,51,!!!!!!!!!!!!!!!!!!!!
9,World9,51,!!!!!!!!!!!!!!!!!!!!
9,World9,51,!!!!!!!!!!!!!!!!!!!!
9,World9,51,!!!!!!!!!!!!!!!!!!!!
9,World9,51,!!!!!!!!!!!!!!!!!!!!
9,World9,51,!!!!!!!!!!!!!!!!!!!!
9,World9,51,!!!!!!!!!!!!!!!!!!!!
9,World9,51,!!!!!!!!!!!!!!!!!!!!
9,World9,51,!!!!!!!!!!!!!!!!!!!!
9,World9,51,!!!!!!!!!!!!!!!!!!!!
9,World9,51,!!!!!!!!!!!!!!!!!!!!
9,World9,51,!!!!!!!!!!!!!!!!!!!!
9,World9,51,!!!!!!!!!!!!!!!!!!!!
9,World9,51,!!!!!!!!!!!!!!!!!!!!
9,World9,51,!!!!!!!!!!!!!!!!!!!!
9,World9,51,!!!!!!!!!!!!!!!!!!!!
9,World9,51,!!!!!!!!!!!!!!!!!!!!
9,World9,51,!!!!!!!!!!!!!!!!!!!!
9,World9,51,!!!!!!!!!!!!!!!!!!!!
100,World100,30,                    
100,World100,30,##  ##              
100,World100,30,########            
100,World100,30,#u #q#g#            
100,World100,30,#  # # #            
100,World100,30,#..###@#            
100,World100,30,#      ##           
100,World100,30,#      q#           
100,World100,30,#  Q    #           
100,World100,30,#                   
100,World100,30,#                   
100,World100,30,#       #           
100,World100,30,#      Q#           
100,World100,30,#      ##           
100,World100,30,#@##@###            
100,World100,30,# #  # #            
100,World100,30,#$# w#Q#            
100,World100,30,########            
100,World100,30,##  ##              
100,World100,30,                    
100,World100,31,                    
100,World100,31,                    
100,World100,31,                    
100,World100,31, FFFFFF             
100,World100,31, FFFFFF             
100,World100,31, FFFFFF             
100,World100,31, FFFFFF             
100,World100,31, FFFFFFF            
100,World100,31, FFFFFFF            
100,World100,31, FFFFFFFF           
100,World100,31, FFFFFFFF           
100,World100,31, FFFFFFF            
100,World100,31, FFFFFFF            
100,World100,31, FFFFFF             
100,World100,31, FFFFFF             
100,World100,31, FFFFFF             
100,World100,31, FFFFFF             
100,World100,31,                    
100,World100,31,                    
100,World100,31,                    
100,World100,60,                    
100,World100,60,                    
100,World100,60,                    
100,World100,60,                    
100,World100,60,                    
100,World100,60,                    
100,World100,60,     ;;;;  ;;;;     
100,World100,60,     ;q ;;;;  ;     
100,World100,60,   ;;;  ; q;  ;;    
100,World100,60,   ;           @    
100,World100,60,   ;x          @    
100,World100,60,   ;;;  ;  ;  ;;    
100,World100,60,     ; Q;;;; Q;     
100,World100,60,     ;;;;  ;;;;     
100,World100,60,                    
100,World100,60,                    
100,World100,60,                    
100,World100,60,                    
100,World100,60,                    
100,World100,60,                    
100,World100,61,                    
100,World100,61,                    
100,World100,61,                    
100,World100,61,                    
100,World100,61,                    
100,World100,61,                    
100,World100,61,                    
100,World100,61,      **    **      
100,World100,61,      ** ** **      
100,World100,61,    ***********     
100,World100,61,    ***********     
100,World100,61,      ** ** **      
100,World100,61,      **    **      
100,World100,61,                    
100,World100,61,                    
100,World100,61,                    
100,World100,61,                    
100,World100,61,                    
100,World100,61,                    
100,World100,61,                    
100,World100,90,                    
100,World100,90,                    
100,World100,90,                    
100,World100,90,:    :              
100,World100,90,:  :::              
100,World100,90,:  ::       :       
100,World100,90,:  :       :::::@:::
100,World100,90,:  :        :     q:
100,World100,90,:  ::              :
100,World100,90,:  S:              :
100,World100,90,:   :      ::Q     :
100,World100,90,:   :      ::::::  :
100,World100,90,:  ::      ::LLL:  :
100,World100,90,:  :        :LLL:  :
100,World100,90,:  :        :LLL:  :
100,World100,90,:  ::   :::::LL::  :
100,World100,90,:  Q:::::q  ::::   :
100,World100,90,:                  :
100,World100,90,:                  :
100,World100,90,::::::::::::::::::::
100,World100,91,                    
100,World100,91,                    
100,World100,91,                    
100,World100,91,                    
100,World100,91,                    
100,World100,91, **                 
100,World100,91, **                 
100,World100,91, **         ******* 
100,World100,91, **         ******* 
100,World100,91, ***        ******* 
100,World100,91, ***        ******* 
100,World100,91, ***        ******* 
100,World100,91, **         ******* 
100,World100,91, **              ** 
100,World100,91, **              ** 
100,World100,91, **              ** 
100,World100,91, ***     ***    *** 
100,World100,91, ****************** 
100,World100,91, ****************** 
100,World100,91,                    
100,World100,120,                    
100,World100,120,                    
100,World100,120,                    
100,World100,120,              ;   ; 
100,World100,120,             ;;   ; 
100,World100,120,             ;q   ; 
100,World100,120,        ;;;;;;    ;;
100,World100,120,         ;;  ;     ;
100,World100,120,             ;    Q;
100,World100,120,             ;;;;;;;
100,World100,120,       q ;;  ;      
100,World100,120,        ;;;;;;      
100,World100,120,                      
100,World100,120,                    
100,World100,120,                    
100,World100,120,                    
100,World100,120,                    
100,World100,120,                    
100,World100,120,                    
100,World100,120,                    
100,World100,121,                    
100,World100,121,                    
100,World100,121,                    
100,World100,121,               fff  
100,World100,121,               fff  
100,World100,121,              ffff  
100,World100,121,              ffff  
100,World100,121,           ** fffff 
100,World100,121,      fff**** fffff 
100,World100,121,      fff****       
100,World100,121,           **       
100,World100,121,                    
100,World100,121,                    
100,World100,121,                    
100,World100,121,                    
100,World100,121,                    
100,World100,121,                    
100,World100,121,                    
100,World100,121,                    
100,World100,121,                    
100,World100,150,                    
100,World100,150,                    
100,World100,150,                    
100,World100,150,             __     
100,World100,150,             __     
100,World100,150,             __     
100,World100,150,             __     
100,World100,150,           ____     
100,World100,150,     __________     
100,World100,150,     ________       
100,World100,150,                    
100,World100,150,                    
100,World100,150,                    
100,World100,150,                    
100,World100,150,                    
100,World100,150,                    
100,World100,150,                    
100,World100,150,                    
100,World100,150,                    
100,World100,150,                    
100,World100,170,::::::::::::::::::::
100,World100,170,:U X:n :U         x:
100,World100,170,:   :  :           :
100,World100,170,:   :..:         :::
100,World100,170,:   :  :         :::
100,World100,170,:   :  :          ::
100,World100,170,::  :  :k          :
100,World100,170,::                 :
100,World100,170,                    
100,World100,170,                    
100,World100,170,                    
100,World100,170,                    
100,World100,170,                    
100,World100,170,                    
100,World100,170,                    
100,World100,170,                    
100,World100,170,                    
100,World100,170,                    
100,World100,170,                    
100,World100,170,                    
100,World100,171,                    
100,World100,171, FFF FF FFFFFFFFFFF 
100,World100,171, FFF FF FFFFFFFFFFF 
100,World100,171, FFF FF ??          
100,World100,171, FFF FF ??          
100,World100,171, FFF FF ??          
100,World100,171,     FF FF          
100,World100,171,     FF FF          
100,World100,171,                    
100,World100,171,                    
100,World100,171,                    
100,World100,171,                    
100,World100,171,                    
100,World100,171,                    
100,World100,171,                    
100,World100,171,                    
100,World100,171,                    
100,World100,171,                    
100,World100,171,                    
100,World100,171,                    
110,World110,20,####################
110,World110,20,#B    b#  %#   #u #
110,World110,20,#      D   #   #  #
110,World110,20,#     b#   #   @  #
110,World110,20,#@###  #   @   ##E#
110,World110,20,#  K#  #  ##    #  #
110,World110,20,#   #  @  #   B #Q #
110,World110,20,#   #E#####  ## ## #
110,World110,20,#   #    K#  #     #
110,World110,20,#   D     #  #     #
110,World110,20,#   #    q#  #    b#
110,World110,20,#   ##E####  #######
110,World110,20,#   #Q  #         q#
110,World110,20,#A B#   #          #
110,World110,20,#####   #########  #
110,World110,20,#Q  #   #q     b#  #
110,World110,20,#   D   D   k   #  #
110,World110,20,#   #   #       D  #
110,World110,20,#   #  K#B    Q #  #
110,World110,20,####################
110,World110,21,FFFFFFFFFFFFFFFFFFFF
110,World110,21,FFFFFFFFFFFFFFFFFFFF
110,World110,21,FFFFFFFFFFFFFFFFFFFF
110,World110,21,FFFFFFFFFFFFFFFFFFFF
110,World110,21,FFFFFFFFFFFFFFFFFFFF
110,World110,21,FFFFFFFFFFFFFFFFFFFF
110,World110,21,FFFFFFFFFFFFFFFFFFFF
110,World110,21,FFFFFFFFFFFFFFFFFFFF
110,World110,21,FFFFFFFFFFFFFFFFFFFF
110,World110,21,FFFFFFFFFFFFFFFFFFFF
110,World110,21,FFFFFFFFFFFFFFFFFFFF
110,World110,21,FFFFFFFFFFFFFFFFFFFF
110,World110,21,FFFFFFFFF FFFFFFFFFF
110,World110,21,FFFFFFFFF FFFFFFFFFF
110,World110,21,FFFFFFFFFFFFFFFFFFFF
110,World110,21,FFFFFFFFFFFFFFFFFFFF
110,World110,21,FFFFFFFFFFFFFFFFFFFF
110,World110,21,F  FFFFFFFFFFFFFFFFF
110,World110,21,F  FFFFFFFFFFFFFFFFF
110,World110,21,FFFFFFFFFFFFFFFFFFFF
110,World110,50,         ###########
110,World110,50,         #     #  C#
110,World110,50,         #     @   #
110,World110,50,         #     #   #
110,World110,50,         #     #   #
110,World110,50,                    
110,World110,50,                    
110,World110,50,                    
110,World110,50,                    
110,World110,50,                    
110,World110,50,                    
110,World110,50,                    
110,World110,50,                    
110,World110,50,                    
110,World110,50,:B   B:::E::        
110,World110,50,:     :C   :        
110,World110,50,:     :    :        
110,World110,50,:     :    :        
110,World110,50,:q   S:C c :        
110,World110,50,::::::::::::        
110,World110,51,                    
110,World110,51,          fffff FFF 
110,World110,51,          fffff_FFF 
110,World110,51,          fffff FFF 
110,World110,51,                    
110,World110,51,                    
110,World110,51,                    
110,World110,51,                    
110,World110,51,                    
110,World110,51,                    
110,World110,51,                    
110,World110,51,                    
110,World110,51,                    
110,World110,51,                    
110,World110,51,                    
110,World110,51, !!!!! !!!!         
110,World110,51, !!!!! !!!!         
110,World110,51, !!!!! !!!!         
110,World110,51, !!!!! !!!!         
110,World110,51,                    
110,World110,80,b;;b;;;;;b:::::::::b
110,World110,80,;n       :       U :
110,World110,80,;        :         :
110,World110,80,b        b         b
110,World110,80,;        :         :
110,World110,80,;        :         :
110,World110,80,;        b         b
110,World110,80,;        :         :
110,World110,80,;    ;   :         :
110,World110,80,;    ;   :QB     BS:
110,World110,80,b;  ;b;;;b:::::::::b
110,World110,80,;   K;              
110,World110,80,;q   ;              
110,World110,80,;;   ;              
110,World110,80, ;   ;              
110,World110,80,                    
110,World110,80,                    
110,World110,80,                    
110,World110,80,                    
110,World110,80,                    
110,World110,81,                    
110,World110,81, ***      !!!!!!!!! 
110,World110,81, ***            !!! 
110,World110,81, ***                
110,World110,81, ___                
110,World110,81, ___                
110,World110,81,                    
110,World110,81,          !!!!!!!!! 
110,World110,81,          !!!!!!!!! 
110,World110,81,          !!!!!!!!! 
110,World110,81,                    
110,World110,81, ****               
110,World110,81, ****               
110,World110,81,  ***               
110,World110,81,  ***               
110,World110,81,                    
110,World110,81,                    
110,World110,81,                    
110,World110,81,                    
110,World110,81,                    
110,World110,110,##########          
110,World110,110,#U      K#          
110,World110,110,#        #          
110,World110,110,#        #          
110,World110,110,#        #          
110,World110,110,         #          
110,World110,110,        S#          
110,World110,110,        ##          
110,World110,110,                    
110,World110,110,                    
110,World110,110,                    
110,World110,110,                    
110,World110,110,                    
110,World110,110,                    
110,World110,110,                    
110,World110,110,                    
110,World110,110,                    
110,World110,110,                    
110,World110,110,                    
110,World110,110,                    
110,World110,111,                    
110,World110,111, !!!!!!!!           
110,World110,111, !!!!   !           
110,World110,111, !!!!   !           
110,World110,111,        !           
110,World110,111,        !           
110,World110,111,        !           
110,World110,111,                    
110,World110,111,                    
110,World110,111,                    
110,World110,111,                    
110,World110,111,                    
110,World110,111,                    
110,World110,111,                    
110,World110,111,                    
110,World110,111,                    
110,World110,111,                    
110,World110,111,                    
110,World110,111,                    
110,World110,111,                    
120,World120,20,b#b######bb######b#b
120,World120,20,#s#      bb      #%#
120,World120,20,b #              # b
120,World120,20,#                  #
120,World120,20,#                  #
120,World120,20,#    B:  :B:::B    #
120,World120,20,#    :    :g  :    #
120,World120,20,#    :    :        #
120,World120,20,#    :   a:        #
120,World120,20,bb   B:::::K  :   bb
120,World120,20,bb   :  c:::::B   bb
120,World120,20,#        :C   :    #
120,World120,20,#        :    :    #
120,World120,20,#    :o K:    :    #
120,World120,20,#    B:::B:  :B    #
120,World120,20,#                  #
120,World120,20,#                  #
120,World120,20,b##              ##b
120,World120,20,#%       bb       %#
120,World120,20,b#b######bb######b#b
120,World120,21,                    
120,World120,21, FFFFFFFF  FFFFFFFF 
120,World120,21, FFFFFFFFFFFFFFFFFF 
120,World120,21, FFFFFFFFFFFFFFFFFF 
120,World120,21, FFFFFFFFFFFFFFFFFF 
120,World120,21, FFFF FFFF     FFFF 
120,World120,21, FFFF FFFF FFFFFFFF 
120,World120,21, FFFF FFFF FFFFFFFF 
120,World120,21, FFFF FFFF FFFFFFFF 
120,World120,21,  FFF      FFFFFFF  
120,World120,21,  FFFFFFF      FFF  
120,World120,21, FFFFFFFF FFFF FFFF 
120,World120,21, FFFFFFFF FFFF FFFF 
120,World120,21, FFFFFFFF FFFF FFFF 
120,World120,21, FFFF     FFFF FFFF 
120,World120,21, FFFFFFFFFFFFFFFFFF 
120,World120,21, FFFFFFFFFFFFFFFFFF 
120,World120,21, FFFFFFFFFFFFFFFFFF 
120,World120,21, FFFFFFFF  FFFFFFFF 
120,World120,21,                    
120,World120,50,b##b            b##b
120,World120,50,#  S               #
120,World120,50,#                  #
120,World120,50,b                  b
120,World120,50,#                   
120,World120,50,#                   
120,World120,50,b#                  
120,World120,50,                    
120,World120,50,                    
120,World120,50,                    
120,World120,50,                    
120,World120,50,                    
120,World120,50,                    
120,World120,50,b#                  
120,World120,50,#                   
120,World120,50,#                   
120,World120,50,b                  b
120,World120,50,#                  #
120,World120,50,#  s               #
120,World120,50,b##b            b##b
120,World120,51,                    
120,World120,51, ***            *** 
120,World120,51, ***            *** 
120,World120,51, ***            *** 
120,World120,51, *                  
120,World120,51, *                  
120,World120,51,                    
120,World120,51,                    
120,World120,51,                    
120,World120,51,                    
120,World120,51,                    
120,World120,51,                    
120,World120,51,                    
120,World120,51,                    
120,World120,51, *                  
120,World120,51, ***                
120,World120,51, ***            *** 
120,World120,51, ***            *** 
120,World120,51, ***            *** 
120,World120,51,                    
120,World120,80,             b;;;;;b
120,World120,80,             ;     ;
120,World120,80,                   ;
120,World120,80,                   ;
120,World120,80,                  Q;
120,World120,80,                  ;b
120,World120,80,                    
120,World120,80,                    
120,World120,80,                    
120,World120,80,                    
120,World120,80,                    
120,World120,80,                    
120,World120,80,                    
120,World120,80,                    
120,World120,80,                  ;b
120,World120,80,                  S;
120,World120,80,                   ;
120,World120,80,                   ;
120,World120,80,             ;q    ;
120,World120,80,             b;;;;;b
120,World120,81,                    
120,World120,81,             ****** 
120,World120,81,              ***** 
120,World120,81,              ***** 
120,World120,81,              ***** 
120,World120,81,                  * 
120,World120,81,                    
120,World120,81,                    
120,World120,81,                    
120,World120,81,                    
120,World120,81,                    
120,World120,81,                    
120,World120,81,                    
120,World120,81,                    
120,World120,81,                    
120,World120,81,              ***** 
120,World120,81,              ***** 
120,World120,81,             ****** 
120,World120,81,              ***** 
120,World120,81,                    
120,World120,120,    :::::b          
120,World120,120,   :b    :          
120,World120,120,  ::     :          
120,World120,120,  :      :          
120,World120,120, ::   b  :          
120,World120,120, :    :  ::         
120,World120,120,b:    : b:          
120,World120,120,:     :             
120,World120,120,:     :             
120,World120,120,:    B:             
120,World120,120,:    B:             
120,World120,120,:     :             
120,World120,120,:     :             
120,World120,120,b:    : b:          
120,World120,120, :    :  ::         
120,World120,120, ::   b  :          
120,World120,120,  :      :          
120,World120,120,  ::     :          
120,World120,120,   :b    :          
120,World120,120,    :::::b          
120,World120,121,                    
120,World120,121,     ffff           
120,World120,121,    fffff           
120,World120,121,   ffffff           
120,World120,121,   fff ff           
120,World120,121,  ffff ff           
120,World120,121,  ffff f            
120,World120,121, fffff              
120,World120,121, fffff              
120,World120,121, fffff              
120,World120,121, fffff              
120,World120,121, fffff              
120,World120,121, fffff              
120,World120,121,  ffff f            
120,World120,121,  ffff ff           
120,World120,121,   fff ff           
120,World120,121,   ffffff           
120,World120,121,    fffff           
120,World120,121,     ffff           
120,World120,121,                    
120,World120,150,b###b               
120,World120,150,#qU #               
120,World120,150,#   #               
120,World120,150,#   #               
120,World120,150,#   #               
120,World120,150,#   #  ##  ##       
120,World120,150,#   # b##  ##b      
120,World120,150,#  K# #Q    C##     
120,World120,150,#  #b##      ##     
120,World120,150,                   k
120,World120,150,          s         
120,World120,150,#__#b##      ##     
120,World120,150,#   # #     c##     
120,World120,150,#   # b##  ##b      
120,World120,150,#   #  ##  ##       
120,World120,150,#   #               
120,World120,150,#   #               
120,World120,150,# n #               
120,World120,150,#   #               
120,World120,150,b###b               
120,World120,151,                    
120,World120,151, FFF                
120,World120,151, FFF                
120,World120,151, FFF                
120,World120,151, FFF                
120,World120,151, FFF     FF         
120,World120,151, FFF     FF         
120,World120,151, FFF   FFFFFF       
120,World120,151, FFF   FFFFFF     FF
120,World120,151, FFFFFFFFFFFFFF~~~FF
120,World120,151, FFFFFFFFFFFFFF~~~FF
120,World120,151, FFF   FFFFFF     FF
120,World120,151, FFF   FFFFFF       
120,World120,151, FFF     FF         
120,World120,151, FFF     FF         
120,World120,151, FFF                
120,World120,151, FFF                
120,World120,151, FFF                
120,World120,151, FFF                
120,World120,151,                    
999,World120,20,::::::::::::::::::::::
999,World120,20,:    :       :S:  n  :
999,World120,20,:    :       :D:     :
999,World120,20,:    :       :D:     :
999,World120,20,:    :       :D:     :
999,World120,20,::::::               :
999,World120,20,:                    :
999,World120,20,:                    :
999,World120,20,:                    :
999,World120,20,:n                 n :
999,World120,20,:                    :
999,World120,20,:                    :
999,World120,20,:                    :
999,World120,20,:                    :
999,World120,20,:                    :
999,World120,20,::::::               :
999,World120,20,:    :          ::::::
999,World120,20,:    :          :    :
999,World120,20,:    :          :    :
999,World120,20,:    :   n      :    :
999,World120,20,:    :          :    :
999,World120,20,::::::::::::::::::::::
999,World120,21,                      
999,World120,21, ffff f_____fffffffff 
999,World120,21, ffff f_____fffffffff 
999,World120,21, ffff fffffffffffffff 
999,World120,21, ffff fffffffffffffff 
999,World120,21,      fffffffffffffff 
999,World120,21, ffffffffffffffffffff 
999,World120,21, ffffffffffffffffffff 
999,World120,21, ffffffffffffffffffff 
999,World120,21, ffffffffffffffffffff 
999,World120,21, ffffffffffffffffffff 
999,World120,21, ffffffffffffffffffff 
999,World120,21, ffffffffffffffffffff 
999,World120,21, ffffffffffffffffffff 
999,World120,21, ffffffffffffffffffff 
999,World120,21, ffffffffffffffffffff 
999,World120,21, fffffffffffffff    
999,World120,21, fffffffffffffff ffff 
999,World120,21, fffffffffffffff ffff 
999,World120,21, fffffffffffffff ffff 
999,World120,21, fffffffffffffff ffff 
999,World120,21,                      
